<?xml version="1.0" encoding="UTF-8"?><rss version="2.0"
	xmlns:content="http://purl.org/rss/1.0/modules/content/"
	xmlns:wfw="http://wellformedweb.org/CommentAPI/"
	xmlns:dc="http://purl.org/dc/elements/1.1/"
	xmlns:atom="http://www.w3.org/2005/Atom"
	xmlns:sy="http://purl.org/rss/1.0/modules/syndication/"
	xmlns:slash="http://purl.org/rss/1.0/modules/slash/"
	>

<channel>
	<title>Negozio | Progetto</title>
	<atom:link href="http://localhost/lunedi/negozio/feed/?simply_static_page=2589" rel="self" type="application/rss+xml" />
	<link></link>
	<description></description>
	<lastBuildDate>Fri, 03 Mar 2023 16:55:48 +0000</lastBuildDate>
	<language>it-IT</language>
	<sy:updatePeriod>
	hourly	</sy:updatePeriod>
	<sy:updateFrequency>
	1	</sy:updateFrequency>
	<generator>https://wordpress.org/?v=6.1.1</generator>

<image>
	<url>./../../wp-content/uploads/2017/07/cropped-belinni-favicon-80x80.png</url>
	<title>Negozio | Progetto</title>
	<link></link>
	<width>32</width>
	<height>32</height>
</image> 
	<item>
		<title>Fave fresche BIO</title>
		<link>./../../product/handpicked-red-chillies/index.html</link>
					<comments>./../../product/handpicked-red-chillies/index.html#respond</comments>
		
		<dc:creator><![CDATA[Roberta]]></dc:creator>
		<pubDate>Wed, 09 Sep 2020 07:23:26 +0000</pubDate>
				<guid isPermaLink="false">./../../product/handpicked-red-chillies/index.html</guid>

					<description><![CDATA[<p>L'articolo <a rel="nofollow" href="./../../product/handpicked-red-chillies/index.html">Fave fresche BIO</a> proviene da <a rel="nofollow" href="./../../index.html">Progetto</a>.</p>
]]></description>
										<content:encoded><![CDATA[<p>L'articolo <a rel="nofollow" href="./../../product/handpicked-red-chillies/index.html">Fave fresche BIO</a> proviene da <a rel="nofollow" href="./../../index.html">Progetto</a>.</p>
]]></content:encoded>
					
					<wfw:commentRss>./../../product/handpicked-red-chillies/feed/index.html</wfw:commentRss>
			<slash:comments>0</slash:comments>
		
		
			</item>
		<item>
		<title>Pomodori ciliegino siciliani BIO</title>
		<link>./../../product/pulses-from-organic-farm/index.html</link>
					<comments>./../../product/pulses-from-organic-farm/index.html#respond</comments>
		
		<dc:creator><![CDATA[Roberta]]></dc:creator>
		<pubDate>Wed, 09 Sep 2020 07:23:26 +0000</pubDate>
				<guid isPermaLink="false">./../../product/pulses-from-organic-farm/index.html</guid>

					<description><![CDATA[<p>L'articolo <a rel="nofollow" href="./../../product/pulses-from-organic-farm/index.html">Pomodori ciliegino siciliani BIO</a> proviene da <a rel="nofollow" href="./../../index.html">Progetto</a>.</p>
]]></description>
										<content:encoded><![CDATA[<p>L'articolo <a rel="nofollow" href="./../../product/pulses-from-organic-farm/index.html">Pomodori ciliegino siciliani BIO</a> proviene da <a rel="nofollow" href="./../../index.html">Progetto</a>.</p>
]]></content:encoded>
					
					<wfw:commentRss>./../../product/pulses-from-organic-farm/feed/index.html</wfw:commentRss>
			<slash:comments>0</slash:comments>
		
		
			</item>
		<item>
		<title>Cavolo nero</title>
		<link>./../../product/fresh-orange-juice/index.html</link>
					<comments>./../../product/fresh-orange-juice/index.html#respond</comments>
		
		<dc:creator><![CDATA[Roberta]]></dc:creator>
		<pubDate>Wed, 09 Sep 2020 07:23:25 +0000</pubDate>
				<guid isPermaLink="false">./../../product/fresh-orange-juice/index.html</guid>

					<description><![CDATA[<p>Pensare al cavolo nero significa far volare la mente (e la gola) dritta, senza soste, in terra toscana, dove questo straordinario ortaggio è l'ingrediente fondamentale per la sublime Ribollita. Ma non solo!</p>
<p>L'articolo <a rel="nofollow" href="./../../product/fresh-orange-juice/index.html">Cavolo nero</a> proviene da <a rel="nofollow" href="./../../index.html">Progetto</a>.</p>
]]></description>
										<content:encoded><![CDATA[<p>Pensare al cavolo nero significa far volare la mente (e la gola) dritta, senza soste, in terra toscana, dove questo straordinario ortaggio è l&#8217;ingrediente fondamentale per la sublime Ribollita. Ma non solo!</p>
<p>L'articolo <a rel="nofollow" href="./../../product/fresh-orange-juice/index.html">Cavolo nero</a> proviene da <a rel="nofollow" href="./../../index.html">Progetto</a>.</p>
]]></content:encoded>
					
					<wfw:commentRss>./../../product/fresh-orange-juice/feed/index.html</wfw:commentRss>
			<slash:comments>0</slash:comments>
		
		
			</item>
		<item>
		<title>Zucca delica BIO</title>
		<link>./../../product/hand-sanitizer/index.html</link>
					<comments>./../../product/hand-sanitizer/index.html#respond</comments>
		
		<dc:creator><![CDATA[Roberta]]></dc:creator>
		<pubDate>Wed, 09 Sep 2020 07:23:25 +0000</pubDate>
				<guid isPermaLink="false">./../../product/hand-sanitizer/index.html</guid>

					<description><![CDATA[<p>Belle da vedere, buone da mangiare di zucche ne esistono centinaia, forse migliaia di tipologie. Ci sono quelle non edibili, perfette per decori e ornamenti, e ci sono ovviamente quelle da trasformare, scavare, cucinare per una delle tante gustose preparazioni: dal risotto, ai famosi tortelli mantovani, alle zuppe ma anche al forno, fritta o come base per squisite frittelle e torte.</p>
<p>L'articolo <a rel="nofollow" href="./../../product/hand-sanitizer/index.html">Zucca delica BIO</a> proviene da <a rel="nofollow" href="./../../index.html">Progetto</a>.</p>
]]></description>
										<content:encoded><![CDATA[<p>Belle da vedere, buone da mangiare di zucche ne esistono centinaia, forse migliaia di tipologie. Ci sono quelle non edibili, perfette per decori e ornamenti, e ci sono ovviamente quelle da trasformare, scavare, cucinare per una delle tante gustose preparazioni: dal risotto, ai famosi tortelli mantovani, alle zuppe ma anche al forno, fritta o come base per squisite frittelle e torte.</p>
<p>L'articolo <a rel="nofollow" href="./../../product/hand-sanitizer/index.html">Zucca delica BIO</a> proviene da <a rel="nofollow" href="./../../index.html">Progetto</a>.</p>
]]></content:encoded>
					
					<wfw:commentRss>./../../product/hand-sanitizer/feed/index.html</wfw:commentRss>
			<slash:comments>0</slash:comments>
		
		
			</item>
		<item>
		<title>Cavolo cappuccio bianco BIO</title>
		<link>./../../product/farm-fresh-eggs/index.html</link>
					<comments>./../../product/farm-fresh-eggs/index.html#respond</comments>
		
		<dc:creator><![CDATA[Roberta]]></dc:creator>
		<pubDate>Wed, 09 Sep 2020 07:23:25 +0000</pubDate>
				<guid isPermaLink="false">./../../product/farm-fresh-eggs/index.html</guid>

					<description><![CDATA[<p>Di cavoli ne esistono centinaia di tipi: dalla verza, al cappuccio declinato nelle sue svariate sfumature cromatiche, a quello nero, a quello di Bruxelles, senza dimenticale cavolfiori e broccoli, anche loro degni appartenenti a questa macro-famiglia. Questo cavolo cappuccio si apprezza al meglio tagliato fine fine e mangiato crudo, dopo un leggero condimento a base di olio, sale e aceto.<br />
Questo proposto, freschissimo e certificato biologico, è coltivato in pieno campo da Livio Cantalupo.</p>
<p>L'articolo <a rel="nofollow" href="./../../product/farm-fresh-eggs/index.html">Cavolo cappuccio bianco BIO</a> proviene da <a rel="nofollow" href="./../../index.html">Progetto</a>.</p>
]]></description>
										<content:encoded><![CDATA[<p>Di cavoli ne esistono centinaia di tipi: dalla verza, al cappuccio declinato nelle sue svariate sfumature cromatiche, a quello nero, a quello di Bruxelles, senza dimenticale cavolfiori e broccoli, anche loro degni appartenenti a questa macro-famiglia. Questo cavolo cappuccio si apprezza al meglio tagliato fine fine e mangiato crudo, dopo un leggero condimento a base di olio, sale e aceto.<br />
Questo proposto, freschissimo e certificato biologico, è coltivato in pieno campo da Livio Cantalupo.</p>
<p>L'articolo <a rel="nofollow" href="./../../product/farm-fresh-eggs/index.html">Cavolo cappuccio bianco BIO</a> proviene da <a rel="nofollow" href="./../../index.html">Progetto</a>.</p>
]]></content:encoded>
					
					<wfw:commentRss>./../../product/farm-fresh-eggs/feed/index.html</wfw:commentRss>
			<slash:comments>0</slash:comments>
		
		
			</item>
		<item>
		<title>Miele</title>
		<link>./../../product/fresh-organic-honey/index.html</link>
					<comments>./../../product/fresh-organic-honey/index.html#respond</comments>
		
		<dc:creator><![CDATA[Roberta]]></dc:creator>
		<pubDate>Wed, 09 Sep 2020 07:23:25 +0000</pubDate>
				<guid isPermaLink="false">./../../product/fresh-organic-honey/index.html</guid>

					<description><![CDATA[<p>L'articolo <a rel="nofollow" href="./../../product/fresh-organic-honey/index.html">Miele</a> proviene da <a rel="nofollow" href="./../../index.html">Progetto</a>.</p>
]]></description>
										<content:encoded><![CDATA[<p>L'articolo <a rel="nofollow" href="./../../product/fresh-organic-honey/index.html">Miele</a> proviene da <a rel="nofollow" href="./../../index.html">Progetto</a>.</p>
]]></content:encoded>
					
					<wfw:commentRss>./../../product/fresh-organic-honey/feed/index.html</wfw:commentRss>
			<slash:comments>0</slash:comments>
		
		
			</item>
		<item>
		<title>Funghi champignon crema</title>
		<link>./../../product/natural-extracted-olive-oil/index.html</link>
					<comments>./../../product/natural-extracted-olive-oil/index.html#respond</comments>
		
		<dc:creator><![CDATA[Roberta]]></dc:creator>
		<pubDate>Wed, 09 Sep 2020 07:23:25 +0000</pubDate>
				<guid isPermaLink="false">./../../product/natural-extracted-olive-oil/index.html</guid>

					<description><![CDATA[<p>L'articolo <a rel="nofollow" href="./../../product/natural-extracted-olive-oil/index.html">Funghi champignon crema</a> proviene da <a rel="nofollow" href="./../../index.html">Progetto</a>.</p>
]]></description>
										<content:encoded><![CDATA[<p>L'articolo <a rel="nofollow" href="./../../product/natural-extracted-olive-oil/index.html">Funghi champignon crema</a> proviene da <a rel="nofollow" href="./../../index.html">Progetto</a>.</p>
]]></content:encoded>
					
					<wfw:commentRss>./../../product/natural-extracted-olive-oil/feed/index.html</wfw:commentRss>
			<slash:comments>0</slash:comments>
		
		
			</item>
		<item>
		<title>Ceste di frutta</title>
		<link>./../../product/assorted-coffee/index.html</link>
					<comments>./../../product/assorted-coffee/index.html#respond</comments>
		
		<dc:creator><![CDATA[Roberta]]></dc:creator>
		<pubDate>Wed, 09 Sep 2020 07:23:25 +0000</pubDate>
				<guid isPermaLink="false">./../../product/assorted-coffee/index.html</guid>

					<description><![CDATA[<p>Cereris offre ai propri clienti la possibilità di acquistare ceste di frutta fresca, composte da una selezione di frutta di alta qualità, proveniente da coltivazioni locali a filiera corta. Le ceste di frutta di Cereris sono ideali per chi desidera gustare la freschezza e l'autenticità dei prodotti locali, con la comodità di ricevere a domicilio una selezione di frutta di stagione.</p>
<p>L'articolo <a rel="nofollow" href="./../../product/assorted-coffee/index.html">Ceste di frutta</a> proviene da <a rel="nofollow" href="./../../index.html">Progetto</a>.</p>
]]></description>
										<content:encoded><![CDATA[<p>Cereris offre ai propri clienti la possibilità di acquistare ceste di frutta fresca, composte da una selezione di frutta di alta qualità, proveniente da coltivazioni locali a filiera corta. Le ceste di frutta di Cereris sono ideali per chi desidera gustare la freschezza e l&#8217;autenticità dei prodotti locali, con la comodità di ricevere a domicilio una selezione di frutta di stagione.</p>
<p>L'articolo <a rel="nofollow" href="./../../product/assorted-coffee/index.html">Ceste di frutta</a> proviene da <a rel="nofollow" href="./../../index.html">Progetto</a>.</p>
]]></content:encoded>
					
					<wfw:commentRss>./../../product/assorted-coffee/feed/index.html</wfw:commentRss>
			<slash:comments>0</slash:comments>
		
		
			</item>
		<item>
		<title>Fagiolini siciliani BIO</title>
		<link>./../../product/wheat-from-organic-farms/index.html</link>
					<comments>./../../product/wheat-from-organic-farms/index.html#respond</comments>
		
		<dc:creator><![CDATA[Roberta]]></dc:creator>
		<pubDate>Wed, 09 Sep 2020 07:23:25 +0000</pubDate>
				<guid isPermaLink="false">./../../product/wheat-from-organic-farms/index.html</guid>

					<description><![CDATA[<p>L'articolo <a rel="nofollow" href="./../../product/wheat-from-organic-farms/index.html">Fagiolini siciliani BIO</a> proviene da <a rel="nofollow" href="./../../index.html">Progetto</a>.</p>
]]></description>
										<content:encoded><![CDATA[<p>L'articolo <a rel="nofollow" href="./../../product/wheat-from-organic-farms/index.html">Fagiolini siciliani BIO</a> proviene da <a rel="nofollow" href="./../../index.html">Progetto</a>.</p>
]]></content:encoded>
					
					<wfw:commentRss>./../../product/wheat-from-organic-farms/feed/index.html</wfw:commentRss>
			<slash:comments>0</slash:comments>
		
		
			</item>
		<item>
		<title>Kit spadellata estiva</title>
		<link>./../../product/kidney-beans-organic/index.html</link>
					<comments>./../../product/kidney-beans-organic/index.html#respond</comments>
		
		<dc:creator><![CDATA[Roberta]]></dc:creator>
		<pubDate>Wed, 09 Sep 2020 07:23:25 +0000</pubDate>
				<guid isPermaLink="false">./../../product/kidney-beans-organic/index.html</guid>

					<description><![CDATA[<p>L'articolo <a rel="nofollow" href="./../../product/kidney-beans-organic/index.html">Kit spadellata estiva</a> proviene da <a rel="nofollow" href="./../../index.html">Progetto</a>.</p>
]]></description>
										<content:encoded><![CDATA[<p>L'articolo <a rel="nofollow" href="./../../product/kidney-beans-organic/index.html">Kit spadellata estiva</a> proviene da <a rel="nofollow" href="./../../index.html">Progetto</a>.</p>
]]></content:encoded>
					
					<wfw:commentRss>./../../product/kidney-beans-organic/feed/index.html</wfw:commentRss>
			<slash:comments>0</slash:comments>
		
		
			</item>
	</channel>
</rss>
