<?xml version="1.0" encoding="UTF-8"?><rss version="2.0"
	xmlns:content="http://purl.org/rss/1.0/modules/content/"
	xmlns:wfw="http://wellformedweb.org/CommentAPI/"
	xmlns:dc="http://purl.org/dc/elements/1.1/"
	xmlns:atom="http://www.w3.org/2005/Atom"
	xmlns:sy="http://purl.org/rss/1.0/modules/syndication/"
	xmlns:slash="http://purl.org/rss/1.0/modules/slash/"
	>

<channel>
	<title>Juice Archivi | Progetto</title>
	<atom:link href="http://localhost/lunedi/product-category/juice/feed/?simply_static_page=2880" rel="self" type="application/rss+xml" />
	<link></link>
	<description></description>
	<lastBuildDate>Fri, 03 Mar 2023 16:39:43 +0000</lastBuildDate>
	<language>it-IT</language>
	<sy:updatePeriod>
	hourly	</sy:updatePeriod>
	<sy:updateFrequency>
	1	</sy:updateFrequency>
	<generator>https://wordpress.org/?v=6.1.1</generator>

<image>
	<url>./../../../wp-content/uploads/2017/07/cropped-belinni-favicon-80x80.png</url>
	<title>Juice Archivi | Progetto</title>
	<link></link>
	<width>32</width>
	<height>32</height>
</image> 
	<item>
		<title>Miele</title>
		<link>./../../../product/fresh-organic-honey/index.html</link>
					<comments>./../../../product/fresh-organic-honey/index.html#respond</comments>
		
		<dc:creator><![CDATA[Roberta]]></dc:creator>
		<pubDate>Wed, 09 Sep 2020 07:23:25 +0000</pubDate>
				<guid isPermaLink="false">./../../../product/fresh-organic-honey/index.html</guid>

					<description><![CDATA[<p>L'articolo <a rel="nofollow" href="./../../../product/fresh-organic-honey/index.html">Miele</a> proviene da <a rel="nofollow" href="./../../../index.html">Progetto</a>.</p>
]]></description>
										<content:encoded><![CDATA[<p>L'articolo <a rel="nofollow" href="./../../../product/fresh-organic-honey/index.html">Miele</a> proviene da <a rel="nofollow" href="./../../../index.html">Progetto</a>.</p>
]]></content:encoded>
					
					<wfw:commentRss>./../../../product/fresh-organic-honey/feed/index.html</wfw:commentRss>
			<slash:comments>0</slash:comments>
		
		
			</item>
		<item>
		<title>Cavolo cappuccio bianco BIO</title>
		<link>./../../../product/farm-fresh-eggs/index.html</link>
					<comments>./../../../product/farm-fresh-eggs/index.html#respond</comments>
		
		<dc:creator><![CDATA[Roberta]]></dc:creator>
		<pubDate>Wed, 09 Sep 2020 07:23:25 +0000</pubDate>
				<guid isPermaLink="false">./../../../product/farm-fresh-eggs/index.html</guid>

					<description><![CDATA[<p>Di cavoli ne esistono centinaia di tipi: dalla verza, al cappuccio declinato nelle sue svariate sfumature cromatiche, a quello nero, a quello di Bruxelles, senza dimenticale cavolfiori e broccoli, anche loro degni appartenenti a questa macro-famiglia. Questo cavolo cappuccio si apprezza al meglio tagliato fine fine e mangiato crudo, dopo un leggero condimento a base di olio, sale e aceto.<br />
Questo proposto, freschissimo e certificato biologico, è coltivato in pieno campo da Livio Cantalupo.</p>
<p>L'articolo <a rel="nofollow" href="./../../../product/farm-fresh-eggs/index.html">Cavolo cappuccio bianco BIO</a> proviene da <a rel="nofollow" href="./../../../index.html">Progetto</a>.</p>
]]></description>
										<content:encoded><![CDATA[<p>Di cavoli ne esistono centinaia di tipi: dalla verza, al cappuccio declinato nelle sue svariate sfumature cromatiche, a quello nero, a quello di Bruxelles, senza dimenticale cavolfiori e broccoli, anche loro degni appartenenti a questa macro-famiglia. Questo cavolo cappuccio si apprezza al meglio tagliato fine fine e mangiato crudo, dopo un leggero condimento a base di olio, sale e aceto.<br />
Questo proposto, freschissimo e certificato biologico, è coltivato in pieno campo da Livio Cantalupo.</p>
<p>L'articolo <a rel="nofollow" href="./../../../product/farm-fresh-eggs/index.html">Cavolo cappuccio bianco BIO</a> proviene da <a rel="nofollow" href="./../../../index.html">Progetto</a>.</p>
]]></content:encoded>
					
					<wfw:commentRss>./../../../product/farm-fresh-eggs/feed/index.html</wfw:commentRss>
			<slash:comments>0</slash:comments>
		
		
			</item>
		<item>
		<title>Cavolo nero</title>
		<link>./../../../product/fresh-orange-juice/index.html</link>
					<comments>./../../../product/fresh-orange-juice/index.html#respond</comments>
		
		<dc:creator><![CDATA[Roberta]]></dc:creator>
		<pubDate>Wed, 09 Sep 2020 07:23:25 +0000</pubDate>
				<guid isPermaLink="false">./../../../product/fresh-orange-juice/index.html</guid>

					<description><![CDATA[<p>Pensare al cavolo nero significa far volare la mente (e la gola) dritta, senza soste, in terra toscana, dove questo straordinario ortaggio è l'ingrediente fondamentale per la sublime Ribollita. Ma non solo!</p>
<p>L'articolo <a rel="nofollow" href="./../../../product/fresh-orange-juice/index.html">Cavolo nero</a> proviene da <a rel="nofollow" href="./../../../index.html">Progetto</a>.</p>
]]></description>
										<content:encoded><![CDATA[<p>Pensare al cavolo nero significa far volare la mente (e la gola) dritta, senza soste, in terra toscana, dove questo straordinario ortaggio è l&#8217;ingrediente fondamentale per la sublime Ribollita. Ma non solo!</p>
<p>L'articolo <a rel="nofollow" href="./../../../product/fresh-orange-juice/index.html">Cavolo nero</a> proviene da <a rel="nofollow" href="./../../../index.html">Progetto</a>.</p>
]]></content:encoded>
					
					<wfw:commentRss>./../../../product/fresh-orange-juice/feed/index.html</wfw:commentRss>
			<slash:comments>0</slash:comments>
		
		
			</item>
	</channel>
</rss>
