<?xml version="1.0" encoding="UTF-8"?><rss version="2.0"
	xmlns:content="http://purl.org/rss/1.0/modules/content/"
	xmlns:wfw="http://wellformedweb.org/CommentAPI/"
	xmlns:dc="http://purl.org/dc/elements/1.1/"
	xmlns:atom="http://www.w3.org/2005/Atom"
	xmlns:sy="http://purl.org/rss/1.0/modules/syndication/"
	xmlns:slash="http://purl.org/rss/1.0/modules/slash/"
	>

<channel>
	<title>clothes Archivi | Progetto</title>
	<atom:link href="http://localhost/lunedi/product-category/clothes/feed/?simply_static_page=2876" rel="self" type="application/rss+xml" />
	<link></link>
	<description></description>
	<lastBuildDate>Fri, 03 Mar 2023 16:54:36 +0000</lastBuildDate>
	<language>it-IT</language>
	<sy:updatePeriod>
	hourly	</sy:updatePeriod>
	<sy:updateFrequency>
	1	</sy:updateFrequency>
	<generator>https://wordpress.org/?v=6.1.1</generator>

<image>
	<url>./../../../wp-content/uploads/2017/07/cropped-belinni-favicon-80x80.png</url>
	<title>clothes Archivi | Progetto</title>
	<link></link>
	<width>32</width>
	<height>32</height>
</image> 
	<item>
		<title>Zucchine verdi</title>
		<link>./../../../product/flowers/index.html</link>
					<comments>./../../../product/flowers/index.html#respond</comments>
		
		<dc:creator><![CDATA[Roberta]]></dc:creator>
		<pubDate>Wed, 24 May 2017 11:41:39 +0000</pubDate>
				<guid isPermaLink="false">http://belinni.pixel-show.com/?post_type=product&#038;p=408</guid>

					<description><![CDATA[<p>L'articolo <a rel="nofollow" href="./../../../product/flowers/index.html">Zucchine verdi</a> proviene da <a rel="nofollow" href="./../../../index.html">Progetto</a>.</p>
]]></description>
										<content:encoded><![CDATA[<p>L'articolo <a rel="nofollow" href="./../../../product/flowers/index.html">Zucchine verdi</a> proviene da <a rel="nofollow" href="./../../../index.html">Progetto</a>.</p>
]]></content:encoded>
					
					<wfw:commentRss>./../../../product/flowers/feed/index.html</wfw:commentRss>
			<slash:comments>0</slash:comments>
		
		
			</item>
		<item>
		<title>Zucchina patisson BIO</title>
		<link>./../../../product/stylish-%d1%81actus/index.html</link>
					<comments>./../../../product/stylish-%d1%81actus/index.html#comments</comments>
		
		<dc:creator><![CDATA[Roberta]]></dc:creator>
		<pubDate>Wed, 24 May 2017 11:40:10 +0000</pubDate>
				<guid isPermaLink="false">http://belinni.pixel-show.com/?post_type=product&#038;p=406</guid>

					<description><![CDATA[<p>L'articolo <a rel="nofollow" href="./../../../product/stylish-%d1%81actus/index.html">Zucchina patisson BIO</a> proviene da <a rel="nofollow" href="./../../../index.html">Progetto</a>.</p>
]]></description>
										<content:encoded><![CDATA[<p>L'articolo <a rel="nofollow" href="./../../../product/stylish-%d1%81actus/index.html">Zucchina patisson BIO</a> proviene da <a rel="nofollow" href="./../../../index.html">Progetto</a>.</p>
]]></content:encoded>
					
					<wfw:commentRss>./../../../product/stylish-%d1%81actus/feed/index.html</wfw:commentRss>
			<slash:comments>1</slash:comments>
		
		
			</item>
		<item>
		<title>Pomodori tondi BIO</title>
		<link>./../../../product/delicious-berries/index.html</link>
					<comments>./../../../product/delicious-berries/index.html#comments</comments>
		
		<dc:creator><![CDATA[Roberta]]></dc:creator>
		<pubDate>Wed, 24 May 2017 11:37:22 +0000</pubDate>
				<guid isPermaLink="false">http://belinni.pixel-show.com/?post_type=product&#038;p=405</guid>

					<description><![CDATA[<p>L'articolo <a rel="nofollow" href="./../../../product/delicious-berries/index.html">Pomodori tondi BIO</a> proviene da <a rel="nofollow" href="./../../../index.html">Progetto</a>.</p>
]]></description>
										<content:encoded><![CDATA[<p>L'articolo <a rel="nofollow" href="./../../../product/delicious-berries/index.html">Pomodori tondi BIO</a> proviene da <a rel="nofollow" href="./../../../index.html">Progetto</a>.</p>
]]></content:encoded>
					
					<wfw:commentRss>./../../../product/delicious-berries/feed/index.html</wfw:commentRss>
			<slash:comments>1</slash:comments>
		
		
			</item>
		<item>
		<title>Zucchine chiare con fiore</title>
		<link>./../../../product/pink-hoody/index.html</link>
					<comments>./../../../product/pink-hoody/index.html#comments</comments>
		
		<dc:creator><![CDATA[Roberta]]></dc:creator>
		<pubDate>Wed, 24 May 2017 11:34:23 +0000</pubDate>
				<guid isPermaLink="false">http://belinni.pixel-show.com/?post_type=product&#038;p=403</guid>

					<description><![CDATA[<p>L'articolo <a rel="nofollow" href="./../../../product/pink-hoody/index.html">Zucchine chiare con fiore</a> proviene da <a rel="nofollow" href="./../../../index.html">Progetto</a>.</p>
]]></description>
										<content:encoded><![CDATA[<p>L'articolo <a rel="nofollow" href="./../../../product/pink-hoody/index.html">Zucchine chiare con fiore</a> proviene da <a rel="nofollow" href="./../../../index.html">Progetto</a>.</p>
]]></content:encoded>
					
					<wfw:commentRss>./../../../product/pink-hoody/feed/index.html</wfw:commentRss>
			<slash:comments>2</slash:comments>
		
		
			</item>
		<item>
		<title>Finocchi</title>
		<link>./../../../product/fresh-mango/index.html</link>
					<comments>./../../../product/fresh-mango/index.html#comments</comments>
		
		<dc:creator><![CDATA[Roberta]]></dc:creator>
		<pubDate>Wed, 24 May 2017 11:30:41 +0000</pubDate>
				<guid isPermaLink="false">http://belinni.pixel-show.com/?post_type=product&#038;p=401</guid>

					<description><![CDATA[<p>L'articolo <a rel="nofollow" href="./../../../product/fresh-mango/index.html">Finocchi</a> proviene da <a rel="nofollow" href="./../../../index.html">Progetto</a>.</p>
]]></description>
										<content:encoded><![CDATA[<p>L'articolo <a rel="nofollow" href="./../../../product/fresh-mango/index.html">Finocchi</a> proviene da <a rel="nofollow" href="./../../../index.html">Progetto</a>.</p>
]]></content:encoded>
					
					<wfw:commentRss>./../../../product/fresh-mango/feed/index.html</wfw:commentRss>
			<slash:comments>1</slash:comments>
		
		
			</item>
	</channel>
</rss>
