<?xml version="1.0" encoding="UTF-8"?><rss version="2.0"
	xmlns:content="http://purl.org/rss/1.0/modules/content/"
	xmlns:dc="http://purl.org/dc/elements/1.1/"
	xmlns:atom="http://www.w3.org/2005/Atom"
	xmlns:sy="http://purl.org/rss/1.0/modules/syndication/"
	
	>
<channel>
	<title>
	Commenti per Progetto	</title>
	<atom:link href="http://localhost/lunedi/comments/feed/?simply_static_page=2429" rel="self" type="application/rss+xml" />
	<link></link>
	<description></description>
	<lastBuildDate>Fri, 03 Mar 2023 16:54:36 +0000</lastBuildDate>
	<sy:updatePeriod>
	hourly	</sy:updatePeriod>
	<sy:updateFrequency>
	1	</sy:updateFrequency>
	<generator>https://wordpress.org/?v=6.1.1</generator>
	<item>
		<title>
		Commenti su Peperoni di Viktoria		</title>
		<link>./../../product/beautiful-backpack/index.html#comment-29</link>

		<dc:creator><![CDATA[Viktoria]]></dc:creator>
		<pubDate>Wed, 24 May 2017 12:59:45 +0000</pubDate>
		<guid isPermaLink="false">http://belinni.pixel-show.com/?post_type=product&#038;p=404#comment-29</guid>

					<description><![CDATA[Cras eleifend ipsum, nullam felis mattis orci viverra orci, elit enim ornare non vitae tortor duis, nulla vitae a est quam lacus. Mi maecenas sollicitudin nulla vestibulum et wisi, ac semper nibh at. Rerum interdum amet nam in, sed dui, varius tortor sed mi maecenas commodo, fringilla phasellus amet diam elementum, erat eu lacus. Augue scelerisque, erat curae varius sapien eget. Duis aliquet.]]></description>
			<content:encoded><![CDATA[<p>Cras eleifend ipsum, nullam felis mattis orci viverra orci, elit enim ornare non vitae tortor duis, nulla vitae a est quam lacus. Mi maecenas sollicitudin nulla vestibulum et wisi, ac semper nibh at. Rerum interdum amet nam in, sed dui, varius tortor sed mi maecenas commodo, fringilla phasellus amet diam elementum, erat eu lacus. Augue scelerisque, erat curae varius sapien eget. Duis aliquet.</p>
]]></content:encoded>
		
			</item>
		<item>
		<title>
		Commenti su Finocchi di Stefani		</title>
		<link>./../../product/fresh-mango/index.html#comment-26</link>

		<dc:creator><![CDATA[Stefani]]></dc:creator>
		<pubDate>Wed, 24 May 2017 12:58:35 +0000</pubDate>
		<guid isPermaLink="false">http://belinni.pixel-show.com/?post_type=product&#038;p=401#comment-26</guid>

					<description><![CDATA[I love this mango.]]></description>
			<content:encoded><![CDATA[<p>I love this mango.</p>
]]></content:encoded>
		
			</item>
		<item>
		<title>
		Commenti su Zucchina patisson BIO di Olivia		</title>
		<link>./../../product/stylish-%d1%81actus/index.html#comment-31</link>

		<dc:creator><![CDATA[Olivia]]></dc:creator>
		<pubDate>Wed, 24 May 2017 12:57:31 +0000</pubDate>
		<guid isPermaLink="false">http://belinni.pixel-show.com/?post_type=product&#038;p=406#comment-31</guid>

					<description><![CDATA[This comment is very important.]]></description>
			<content:encoded><![CDATA[<p>This comment is very important.</p>
]]></content:encoded>
		
			</item>
		<item>
		<title>
		Commenti su Pomodori tondi BIO di Viktoria		</title>
		<link>./../../product/delicious-berries/index.html#comment-30</link>

		<dc:creator><![CDATA[Viktoria]]></dc:creator>
		<pubDate>Wed, 24 May 2017 12:56:03 +0000</pubDate>
		<guid isPermaLink="false">http://belinni.pixel-show.com/?post_type=product&#038;p=405#comment-30</guid>

					<description><![CDATA[Stylish blouse.]]></description>
			<content:encoded><![CDATA[<p>Stylish blouse.</p>
]]></content:encoded>
		
			</item>
		<item>
		<title>
		Commenti su Zucchine chiare con fiore di Viktoria		</title>
		<link>./../../product/pink-hoody/index.html#comment-28</link>

		<dc:creator><![CDATA[Viktoria]]></dc:creator>
		<pubDate>Wed, 24 May 2017 12:51:55 +0000</pubDate>
		<guid isPermaLink="false">http://belinni.pixel-show.com/?post_type=product&#038;p=403#comment-28</guid>

					<description><![CDATA[Thanks, for this.]]></description>
			<content:encoded><![CDATA[<p>Thanks, for this.</p>
]]></content:encoded>
		
			</item>
		<item>
		<title>
		Commenti su Zucchine chiare con fiore di Robert		</title>
		<link>./../../product/pink-hoody/index.html#comment-27</link>

		<dc:creator><![CDATA[Robert]]></dc:creator>
		<pubDate>Wed, 24 May 2017 12:51:13 +0000</pubDate>
		<guid isPermaLink="false">http://belinni.pixel-show.com/?post_type=product&#038;p=403#comment-27</guid>

					<description><![CDATA[Good Hoody!]]></description>
			<content:encoded><![CDATA[<p>Good Hoody!</p>
]]></content:encoded>
		
			</item>
	</channel>
</rss>
