<?xml version="1.0" encoding="UTF-8"?><rss version="2.0"
	xmlns:content="http://purl.org/rss/1.0/modules/content/"
	xmlns:wfw="http://wellformedweb.org/CommentAPI/"
	xmlns:dc="http://purl.org/dc/elements/1.1/"
	xmlns:atom="http://www.w3.org/2005/Atom"
	xmlns:sy="http://purl.org/rss/1.0/modules/syndication/"
	xmlns:slash="http://purl.org/rss/1.0/modules/slash/"
	>

<channel>
	<title>other Archivi | Progetto</title>
	<atom:link href="http://localhost/lunedi/product-category/other/feed/?simply_static_page=2882" rel="self" type="application/rss+xml" />
	<link></link>
	<description></description>
	<lastBuildDate>Fri, 03 Mar 2023 16:33:19 +0000</lastBuildDate>
	<language>it-IT</language>
	<sy:updatePeriod>
	hourly	</sy:updatePeriod>
	<sy:updateFrequency>
	1	</sy:updateFrequency>
	<generator>https://wordpress.org/?v=6.1.1</generator>

<image>
	<url>./../../../wp-content/uploads/2017/07/cropped-belinni-favicon-80x80.png</url>
	<title>other Archivi | Progetto</title>
	<link></link>
	<width>32</width>
	<height>32</height>
</image> 
	<item>
		<title>Peperoni</title>
		<link>./../../../product/beautiful-backpack/index.html</link>
					<comments>./../../../product/beautiful-backpack/index.html#comments</comments>
		
		<dc:creator><![CDATA[Roberta]]></dc:creator>
		<pubDate>Wed, 24 May 2017 11:36:02 +0000</pubDate>
				<guid isPermaLink="false">http://belinni.pixel-show.com/?post_type=product&#038;p=404</guid>

					<description><![CDATA[<p>I peperoni di Cereris sono coltivati secondo metodi naturali e sostenibili, senza l'utilizzo di pesticidi o sostanze chimiche dannose per la salute e l'ambiente.</p>
<p>L'articolo <a rel="nofollow" href="./../../../product/beautiful-backpack/index.html">Peperoni</a> proviene da <a rel="nofollow" href="./../../../index.html">Progetto</a>.</p>
]]></description>
										<content:encoded><![CDATA[<p>I peperoni di Cereris sono coltivati secondo metodi naturali e sostenibili, senza l&#8217;utilizzo di pesticidi o sostanze chimiche dannose per la salute e l&#8217;ambiente.</p>
<p>L'articolo <a rel="nofollow" href="./../../../product/beautiful-backpack/index.html">Peperoni</a> proviene da <a rel="nofollow" href="./../../../index.html">Progetto</a>.</p>
]]></content:encoded>
					
					<wfw:commentRss>./../../../product/beautiful-backpack/feed/index.html</wfw:commentRss>
			<slash:comments>1</slash:comments>
		
		
			</item>
	</channel>
</rss>
